,word,count
0,world,22571
1,indian,23271
2,people,73167
3,-pron-,51378
4,want,30461
5,think,40010
6,girl,19857
7,time,35938
8,live,20879
9,old,17919
10,feel,26146
11,good,56910
12,use,60183
13,like,66353
14,year,37504
15,india,42291
16,doe,81429
17,country,25739
18,quora,20370
19,know,35575
